{"cameraMode":{"drawMode":0,"name":"Shaded","section":"Shading Mode"},"sceneLighting":false,"audioPlay":false,"sceneViewState":{"showFog":true,"showMaterialUpdate":true,"showSkybox":false,"showFlares":true,"showImageEffects":true,"showParticleSystems":true},"in2DMode":false,"pivot":{"x":-0.00700002908706665,"y":0.8460000157356262,"z":0.125},"rotation":{"x":-0.21383057534694673,"y":0.46605077385902407,"z":-0.11716573685407639,"w":-0.8504971861839294},"size":2.9666502475738527,"orthographic":false}