{"cameraMode":{"drawMode":0,"name":"Shaded","section":"Shading Mode"},"sceneLighting":false,"audioPlay":false,"sceneViewState":{"showFog":true,"showMaterialUpdate":true,"showSkybox":false,"showFlares":true,"showImageEffects":true,"showParticleSystems":true},"in2DMode":false,"pivot":{"x":0.3865232765674591,"y":1.00386643409729,"z":0.2680082321166992},"rotation":{"x":0.13327588140964509,"y":-0.6059002876281738,"z":0.10390841960906983,"w":0.7773837447166443},"size":2.5507962703704836,"orthographic":false}